Date,TRI_Indexed
2016-02-24,100.0
2016-02-25,99.26
2016-02-26,99.88
2016-02-29,99.49
2016-03-01,102.74
2016-03-02,104.73
2016-03-03,106.12
2016-03-04,106.48
2016-03-08,106.55
2016-03-09,107.09
2016-03-10,106.54
2016-03-11,106.81
2016-03-14,107.29
2016-03-15,106.26
2016-03-16,106.56
2016-03-17,106.91
2016-03-18,108.06
2016-03-21,109.52
2016-03-22,109.73
2016-03-23,109.82
2016-03-28,108.3
2016-03-29,108.1
2016-03-30,110.06
2016-03-31,110.32
2016-04-01,110.21
2016-04-04,110.79
2016-04-05,108.72
2016-04-06,109.06
2016-04-07,108.23
2016-04-08,108.52
2016-04-11,109.96
2016-04-12,110.63
2016-04-13,112.43
2016-04-18,113.45
2016-04-20,113.59
2016-04-21,113.44
2016-04-22,113.33
2016-04-25,112.74
2016-04-26,114.04
2016-04-27,114.3
2016-04-28,112.57
2016-04-29,112.66
2016-05-02,112.52
2016-05-03,111.72
2016-05-04,110.88
2016-05-05,111.16
2016-05-06,111.24
2016-05-09,112.92
2016-05-10,113.16
2016-05-11,112.75
2016-05-12,113.57
2016-05-13,112.57
2016-05-16,113.01
2016-05-17,113.38
2016-05-18,113.24
2016-05-19,111.95
2016-05-20,111.38
2016-05-23,111.08
2016-05-24,111.14
2016-05-25,113.33
2016-05-26,115.01
2016-05-27,116.24
2016-05-30,116.78
2016-05-31,116.5
2016-06-01,116.69
2016-06-02,117.27
2016-06-03,117.22
2016-06-06,117.05
2016-06-07,117.94
2016-06-08,118.24
2016-06-09,117.57
2016-06-10,117.13
2016-06-13,116.33
2016-06-14,116.48
2016-06-15,117.7
2016-06-16,117.01
2016-06-17,117.4
2016-06-20,118.24
2016-06-21,118.15
2016-06-22,117.91
2016-06-23,118.6
2016-06-24,116.28
2016-06-27,116.76
2016-06-28,117.35
2016-06-29,118.59
2016-06-30,119.86
2016-07-01,120.67
2016-07-04,121.43
2016-07-05,121.07
2016-07-07,121.08
2016-07-08,120.9
2016-07-11,122.83
2016-07-12,123.53
2016-07-13,123.28
2016-07-14,123.95
2016-07-15,123.65
2016-07-18,123.11
2016-07-19,123.39
2016-07-20,124.13
2016-07-21,123.56
2016-07-22,124.26
2016-07-25,125.62
2016-07-26,125.01
2016-07-27,125.49
2016-07-28,126.24
2016-07-29,126.1
2016-08-01,126.19
2016-08-02,125.79
2016-08-03,124.45
2016-08-04,124.72
2016-08-05,126.72
2016-08-08,127.31
2016-08-09,126.81
2016-08-10,125.24
2016-08-11,125.46
2016-08-12,126.47
2016-08-16,126.33
2016-08-17,126.41
2016-08-18,127.25
2016-08-19,127.38
2016-08-22,126.8
2016-08-23,126.74
2016-08-24,127.19
2016-08-25,126.46
2016-08-26,126.31
2016-08-29,126.76
2016-08-30,128.51
2016-08-31,129.03
2016-09-01,128.75
2016-09-02,129.28
2016-09-06,131.19
2016-09-07,131.07
2016-09-08,131.71
2016-09-09,130.55
2016-09-12,127.89
2016-09-14,128.49
2016-09-15,128.64
2016-09-16,129.07
2016-09-19,129.53
2016-09-20,129.12
2016-09-21,129.15
2016-09-22,130.55
2016-09-23,130.24
2016-09-26,128.95
2016-09-27,128.78
2016-09-28,129.55
2016-09-29,126.48
2016-09-30,127.48
2016-10-03,129.85
2016-10-04,130.46
2016-10-05,130.43
2016-10-06,129.94
2016-10-07,129.76
2016-10-10,129.86
2016-10-13,127.89
2016-10-14,128.26
2016-10-17,127.31
2016-10-18,129.51
2016-10-19,129.43
2016-10-20,129.97
2016-10-21,130.08
2016-10-24,130.26
2016-10-25,130.09
2016-10-26,128.97
2016-10-27,128.55
2016-10-28,129.28
2016-10-30,129.4
2016-11-01,129.43
2016-11-02,127.53
2016-11-03,126.74
2016-11-04,125.54
2016-11-07,126.52
2016-11-08,127.13
2016-11-09,125.08
2016-11-10,126.72
2016-11-11,123.0
2016-11-15,119.37
2016-11-16,119.58
2016-11-17,119.16
2016-11-18,119.24
2016-11-21,116.71
2016-11-22,117.98
2016-11-23,118.8
2016-11-24,118.02
2016-11-25,120.15
2016-11-28,120.54
2016-11-29,120.89
2016-11-30,122.2
2016-12-01,121.52
2016-12-02,119.92
2016-12-05,120.55
2016-12-06,120.85
2016-12-07,120.33
2016-12-08,122.37
2016-12-09,122.57
2016-12-12,121.23
2016-12-13,121.61
2016-12-14,120.91
2016-12-15,120.64
2016-12-16,120.42
2016-12-19,119.85
2016-12-20,119.24
2016-12-21,119.03
2016-12-22,117.66
2016-12-23,117.63
2016-12-26,116.07
2016-12-27,117.93
2016-12-28,118.19
2016-12-29,119.37
2016-12-30,120.53
2017-01-02,120.87
2017-01-03,121.32
2017-01-04,121.36
2017-01-05,122.67
2017-01-06,122.26
2017-01-09,122.3
2017-01-10,123.11
2017-01-11,124.52
2017-01-12,124.83
2017-01-13,124.77
2017-01-16,125.11
2017-01-17,125.03
2017-01-18,125.47
2017-01-19,125.8
2017-01-20,124.34
2017-01-23,125.03
2017-01-24,126.29
2017-01-25,128.06
2017-01-27,128.71
2017-01-30,128.65
2017-01-31,127.4
2017-02-01,129.77
2017-02-02,130.32
2017-02-03,130.72
2017-02-06,131.73
2017-02-07,131.31
2017-02-08,131.51
2017-02-09,131.72
2017-02-10,131.85
2017-02-13,131.78
2017-02-14,131.41
2017-02-15,130.15
2017-02-16,131.34
2017-02-17,132.01
2017-02-20,132.94
2017-02-21,133.51
2017-02-22,133.46
2017-02-23,133.6
2017-02-27,133.22
2017-02-28,133.29
2017-03-01,134.11
2017-03-02,133.02
2017-03-03,133.1
2017-03-06,133.95
2017-03-07,133.77
2017-03-08,133.35
2017-03-09,133.35
2017-03-10,133.37
2017-03-14,135.59
2017-03-15,135.92
2017-03-16,137.23
2017-03-17,137.31
2017-03-20,137.06
2017-03-21,136.9
2017-03-22,135.53
2017-03-23,136.5
2017-03-24,136.88
2017-03-27,136.19
2017-03-28,137.0
2017-03-29,137.59
2017-03-30,138.15
2017-03-31,138.49
2017-04-03,139.49
2017-04-05,140.22
2017-04-06,140.17
2017-04-07,139.36
2017-04-10,139.48
2017-04-11,140.48
2017-04-12,139.99
2017-04-13,139.4
2017-04-17,139.36
2017-04-18,138.68
2017-04-19,139.0
2017-04-20,139.73
2017-04-21,139.63
2017-04-24,141.01
2017-04-25,142.39
2017-04-26,142.64
2017-04-27,142.49
2017-04-28,142.35
2017-05-02,142.65
2017-05-03,142.58
2017-05-04,143.25
2017-05-05,141.99
2017-05-08,142.56
2017-05-09,142.85
2017-05-10,144.19
2017-05-11,144.38
2017-05-12,143.83
2017-05-15,144.73
2017-05-16,145.56
2017-05-17,145.52
2017-05-18,143.5
2017-05-19,143.14
2017-05-22,142.74
2017-05-23,141.42
2017-05-24,140.52
2017-05-25,142.73
2017-05-26,144.45
2017-05-29,143.9
2017-05-30,144.41
2017-05-31,144.79
2017-06-01,145.15
2017-06-02,145.84
2017-06-05,146.45
2017-06-06,145.78
2017-06-07,146.38
2017-06-08,146.34
2017-06-09,146.76
2017-06-12,146.0
2017-06-13,146.02
2017-06-14,146.25
2017-06-15,145.9
2017-06-16,146.1
2017-06-19,146.82
2017-06-20,146.88
2017-06-21,146.7
2017-06-22,146.39
2017-06-23,145.19
2017-06-27,143.99
2017-06-28,143.89
2017-06-29,144.32
2017-06-30,144.86
2017-07-03,146.34
2017-07-04,146.24
2017-07-05,146.96
2017-07-06,147.54
2017-07-07,147.5
2017-07-10,148.85
2017-07-11,148.65
2017-07-12,149.37
2017-07-13,150.5
2017-07-14,150.47
2017-07-17,150.81
2017-07-18,149.6
2017-07-19,150.87
2017-07-20,150.54
2017-07-21,151.04
2017-07-24,151.64
2017-07-25,151.78
2017-07-26,152.45
2017-07-27,152.27
2017-07-28,152.46
2017-07-31,153.27
2017-08-01,153.61
2017-08-02,153.18
2017-08-03,152.18
2017-08-04,153.0
2017-08-07,153.53
2017-08-08,152.15
2017-08-09,150.59
2017-08-10,148.17
2017-08-11,147.0
2017-08-14,148.99
2017-08-16,150.64
2017-08-17,150.77
2017-08-18,149.92
2017-08-21,148.44
2017-08-22,148.27
2017-08-23,149.77
2017-08-24,150.16
2017-08-28,151.27
2017-08-29,149.57
2017-08-30,151.16
2017-08-31,151.72
2017-09-01,152.78
2017-09-04,151.82
2017-09-05,152.64
2017-09-06,152.39
2017-09-07,152.84
2017-09-08,152.72
2017-09-11,153.8
2017-09-12,155.2
2017-09-13,154.79
2017-09-14,155.12
2017-09-15,155.17
2017-09-18,156.22
2017-09-19,156.31
2017-09-20,156.08
2017-09-21,155.61
2017-09-22,152.59
2017-09-25,150.85
2017-09-26,151.13
2017-09-27,148.8
2017-09-28,149.43
2017-09-29,150.18
2017-10-03,151.27
2017-10-04,152.04
2017-10-05,152.04
2017-10-06,153.45
2017-10-09,153.64
2017-10-10,154.31
2017-10-11,153.54
2017-10-12,155.24
2017-10-13,156.07
2017-10-16,156.9
2017-10-17,157.2
2017-10-18,156.89
2017-10-19,156.07
2017-10-23,156.69
2017-10-24,157.05
2017-10-25,158.31
2017-10-26,159.04
2017-10-27,159.0
2017-10-30,160.06
2017-10-31,159.93
2017-11-01,161.38
2017-11-02,161.43
2017-11-03,161.86
2017-11-06,162.08
2017-11-07,160.27
2017-11-08,159.36
2017-11-09,159.88
2017-11-10,160.03
2017-11-13,158.77
2017-11-14,158.23
2017-11-15,156.87
2017-11-16,158.47
2017-11-17,159.73
2017-11-20,160.16
2017-11-21,160.58
2017-11-22,160.76
2017-11-23,160.96
2017-11-24,161.64
2017-11-27,162.01
2017-11-28,161.78
2017-11-29,161.61
2017-11-30,160.04
2017-12-01,158.39
2017-12-04,158.37
2017-12-05,158.33
2017-12-06,157.14
2017-12-07,159.14
2017-12-08,160.67
2017-12-11,161.39
2017-12-12,160.07
2017-12-13,159.12
2017-12-14,159.67
2017-12-15,161.13
2017-12-18,162.07
2017-12-19,163.64
2017-12-20,163.69
2017-12-21,164.12
2017-12-22,164.88
2017-12-26,165.56
2017-12-27,165.0
2017-12-28,164.96
2017-12-29,165.92
2018-01-01,164.93
2018-01-02,164.64
2018-01-03,165.02
2018-01-04,166.18
2018-01-05,167.36
2018-01-08,168.51
2018-01-09,168.54
2018-01-10,168.36
2018-01-11,168.71
2018-01-12,168.97
2018-01-15,169.57
2018-01-16,168.05
2018-01-17,169.34
2018-01-18,168.66
2018-01-19,169.99
2018-01-22,171.13
2018-01-23,172.7
2018-01-24,172.29
2018-01-25,171.52
2018-01-29,171.69
2018-01-30,170.37
2018-01-31,169.58
2018-02-01,169.4
2018-02-02,164.56
2018-02-05,163.42
2018-02-06,160.73
2018-02-07,161.03
2018-02-08,163.13
2018-02-09,161.88
2018-02-12,163.58
2018-02-14,163.2
2018-02-15,163.2
2018-02-16,161.67
2018-02-19,160.35
2018-02-20,160.2
2018-02-21,160.5
2018-02-22,160.02
2018-02-23,161.99
2018-02-26,163.42
2018-02-27,162.88
2018-02-28,162.21
2018-03-01,161.57
2018-03-05,160.0
2018-03-06,158.32
2018-03-07,156.52
2018-03-08,157.64
2018-03-09,157.39
2018-03-12,159.76
2018-03-13,160.41
2018-03-14,160.3
2018-03-15,159.99
2018-03-16,157.78
2018-03-19,155.85
2018-03-20,156.41
2018-03-21,156.92
2018-03-22,156.14
2018-03-23,154.34
2018-03-26,156.33
2018-03-27,157.46
2018-03-28,156.3
2018-04-02,158.26
2018-04-03,159.16
2018-04-04,157.42
2018-04-05,160.41
2018-04-06,160.87
2018-04-09,161.45
2018-04-10,161.69
2018-04-11,161.9
2018-04-12,162.19
2018-04-13,162.54
2018-04-16,163.31
2018-04-17,163.64
2018-04-18,163.31
2018-04-19,164.1
2018-04-20,163.95
2018-04-23,164.4
2018-04-24,164.7
2018-04-25,163.99
2018-04-26,164.54
2018-04-27,165.64
2018-04-30,166.56
2018-05-02,165.66
2018-05-03,164.68
2018-05-04,163.83
2018-05-07,165.21
2018-05-08,165.23
2018-05-09,165.22
2018-05-10,164.2
2018-05-11,165.17
2018-05-14,164.71
2018-05-15,164.29
2018-05-16,163.64
2018-05-17,163.22
2018-05-18,161.55
2018-05-21,159.78
2018-05-22,160.43
2018-05-23,159.1
2018-05-24,159.91
2018-05-25,161.78
2018-05-28,163.39
2018-05-29,162.75
2018-05-30,162.47
2018-05-31,163.64
2018-06-01,162.59
2018-06-04,161.2
2018-06-05,160.06
2018-06-06,161.73
2018-06-07,163.39
2018-06-08,163.67
2018-06-11,163.96
2018-06-12,164.91
2018-06-13,164.91
2018-06-14,164.54
2018-06-15,164.32
2018-06-18,163.88
2018-06-19,162.4
2018-06-20,163.14
2018-06-21,162.53
2018-06-22,163.53
2018-06-25,162.43
2018-06-26,162.39
2018-06-27,160.64
2018-06-28,159.02
2018-06-29,161.23
2018-07-02,160.29
2018-07-03,161.0
2018-07-04,161.81
2018-07-05,161.36
2018-07-06,161.86
2018-07-09,163.35
2018-07-10,164.79
2018-07-11,164.54
2018-07-12,165.22
2018-07-13,164.66
2018-07-16,162.6
2018-07-17,164.1
2018-07-18,163.31
2018-07-19,162.84
2018-07-20,163.72
2018-07-23,165.1
2018-07-24,166.63
2018-07-25,166.63
2018-07-26,167.34
2018-07-27,168.95
2018-07-30,169.66
2018-07-31,170.23
2018-08-01,170.25
2018-08-02,169.17
2018-08-03,170.88
2018-08-06,171.31
2018-08-07,171.23
2018-08-08,171.94
2018-08-09,172.39
2018-08-10,171.6
2018-08-13,170.41
2018-08-14,171.72
2018-08-16,171.01
2018-08-17,172.5
2018-08-20,173.75
2018-08-21,174.15
2018-08-23,174.34
2018-08-24,173.98
2018-08-27,175.89
2018-08-28,176.37
2018-08-29,176.15
2018-08-30,176.18
2018-08-31,176.5
2018-09-03,175.26
2018-09-04,173.22
2018-09-05,172.49
2018-09-06,173.42
2018-09-07,174.47
2018-09-10,172.1
2018-09-11,169.77
2018-09-12,170.73
2018-09-14,173.07
2018-09-17,171.38
2018-09-18,169.58
2018-09-19,168.74
2018-09-21,166.61
2018-09-24,163.39
2018-09-25,164.45
2018-09-26,164.44
2018-09-27,162.67
2018-09-28,161.14
2018-10-01,162.02
2018-10-03,160.09
2018-10-04,156.53
2018-10-05,152.46
2018-10-08,152.07
2018-10-09,151.37
2018-10-10,154.65
2018-10-11,151.41
2018-10-12,154.98
2018-10-15,155.77
2018-10-16,157.21
2018-10-17,154.82
2018-10-19,152.74
2018-10-22,151.61
2018-10-23,150.09
2018-10-24,151.25
2018-10-25,149.89
2018-10-26,148.9
2018-10-29,152.31
2018-10-30,152.14
2018-10-31,154.85
2018-11-01,155.21
2018-11-02,157.45
2018-11-05,157.09
2018-11-06,156.96
2018-11-07,158.07
2018-11-09,158.31
2018-11-12,156.77
2018-11-13,157.91
2018-11-14,157.88
2018-11-15,158.48
2018-11-16,159.17
2018-11-19,160.22
2018-11-20,158.59
2018-11-21,158.23
2018-11-22,157.15
2018-11-26,158.28
2018-11-27,159.01
2018-11-28,159.17
2018-11-29,160.74
2018-11-30,161.22
2018-12-03,161.54
2018-12-04,161.35
2018-12-05,159.81
2018-12-06,157.23
2018-12-07,158.24
2018-12-10,155.21
2018-12-11,156.55
2018-12-12,159.67
2018-12-13,160.66
2018-12-14,160.91
2018-12-17,162.02
2018-12-18,162.43
2018-12-19,163.66
2018-12-20,163.44
2018-12-21,160.79
2018-12-24,159.37
2018-12-26,160.07
2018-12-27,160.72
2018-12-28,162.06
2018-12-31,162.37
2019-01-01,162.86
2019-01-02,161.19
2019-01-03,159.62
2019-01-04,160.33
2019-01-07,160.8
2019-01-08,161.11
2019-01-09,161.62
2019-01-10,161.47
2019-01-11,161.1
2019-01-14,160.27
2019-01-15,162.14
2019-01-16,162.17
2019-01-17,162.23
2019-01-18,161.85
2019-01-21,162.12
2019-01-22,161.69
2019-01-23,160.59
2019-01-24,160.69
2019-01-25,159.31
2019-01-28,157.23
2019-01-29,157.22
2019-01-30,157.38
2019-01-31,159.49
2019-02-01,160.42
2019-02-04,160.17
2019-02-05,160.02
2019-02-06,161.56
2019-02-07,162.05
2019-02-08,160.12
2019-02-11,158.91
2019-02-12,158.19
2019-02-13,157.53
2019-02-14,157.22
2019-02-15,156.48
2019-02-18,155.19
2019-02-19,154.98
2019-02-20,156.81
2019-02-21,157.83
2019-02-22,158.15
2019-02-25,159.29
2019-02-26,158.74
2019-02-27,158.62
2019-02-28,158.84
2019-03-01,160.28
2019-03-05,162.7
2019-03-06,163.71
2019-03-07,163.62
2019-03-08,163.36
2019-03-11,165.75
2019-03-12,167.44
2019-03-13,167.62
2019-03-14,167.6
2019-03-15,168.54
2019-03-18,168.85
2019-03-19,169.8
2019-03-20,169.49
2019-03-22,168.59
2019-03-25,167.02
2019-03-26,168.81
2019-03-27,168.63
2019-03-28,170.41
2019-03-29,171.51
2019-04-01,172.19
2019-04-02,172.52
2019-04-03,171.42
2019-04-04,170.85
2019-04-05,171.89
2019-04-08,170.99
2019-04-09,171.76
2019-04-10,170.79
2019-04-11,171.0
2019-04-12,171.71
2019-04-15,172.45
2019-04-16,173.61
2019-04-18,172.85
2019-04-22,170.38
2019-04-23,170.16
2019-04-24,171.94
2019-04-25,170.9
2019-04-26,171.98
2019-04-30,171.53
2019-05-02,171.06
2019-05-03,170.82
2019-05-06,169.19
2019-05-07,167.77
2019-05-08,165.81
2019-05-09,165.09
2019-05-10,164.92
2019-05-13,162.61
2019-05-14,163.54
2019-05-15,162.61
2019-05-16,163.71
2019-05-17,165.63
2019-05-20,171.7
2019-05-21,170.05
2019-05-22,170.52
2019-05-23,169.72
2019-05-24,172.73
2019-05-27,174.2
2019-05-28,174.4
2019-05-29,173.36
2019-05-30,174.4
2019-05-31,174.21
2019-06-03,176.31
2019-06-04,175.54
2019-06-06,172.83
2019-06-07,173.07
2019-06-10,173.6
2019-06-11,174.3
2019-06-12,173.32
2019-06-13,173.38
2019-06-14,172.01
2019-06-17,169.76
2019-06-18,169.9
2019-06-19,169.46
2019-06-20,171.7
2019-06-21,170.55
2019-06-24,170.24
2019-06-25,171.46
2019-06-26,172.35
2019-06-27,172.52
2019-06-28,171.92
2019-07-01,172.9
2019-07-02,173.47
2019-07-03,173.69
2019-07-04,174.07
2019-07-05,171.95
2019-07-08,168.23
2019-07-09,168.38
2019-07-10,167.39
2019-07-11,168.62
2019-07-12,168.47
2019-07-15,168.69
2019-07-16,169.79
2019-07-17,170.05
2019-07-18,168.53
2019-07-19,165.92
2019-07-22,164.92
2019-07-23,164.69
2019-07-24,163.45
2019-07-25,163.46
2019-07-26,164.06
2019-07-29,162.58
2019-07-30,160.71
2019-07-31,161.45
2019-08-01,159.54
2019-08-02,159.74
2019-08-05,157.75
2019-08-06,159.3
2019-08-07,158.16
2019-08-08,160.42
2019-08-09,161.62
2019-08-13,158.86
2019-08-14,160.35
2019-08-16,160.67
2019-08-19,160.87
2019-08-20,160.16
2019-08-21,158.52
2019-08-22,155.96
2019-08-23,157.23
2019-08-26,160.35
2019-08-27,161.38
2019-08-28,160.46
2019-08-29,159.3
2019-08-30,160.58
2019-09-03,157.45
2019-09-04,158.0
2019-09-05,158.24
2019-09-06,159.56
2019-09-09,160.49
2019-09-11,161.27
2019-09-12,160.68
2019-09-13,161.92
2019-09-16,161.18
2019-09-17,158.4
2019-09-18,158.83
2019-09-19,156.84
2019-09-20,165.15
2019-09-23,169.73
2019-09-24,169.52
2019-09-25,167.18
2019-09-26,168.96
2019-09-27,168.1
2019-09-30,167.12
2019-10-01,165.25
2019-10-03,164.57
2019-10-04,162.66
2019-10-07,161.75
2019-10-09,164.21
2019-10-10,163.04
2019-10-11,163.91
2019-10-14,164.47
2019-10-15,165.56
2019-10-16,166.07
2019-10-17,168.14
2019-10-18,169.72
2019-10-22,169.16
2019-10-23,169.44
2019-10-24,169.07
2019-10-25,168.95
2019-10-27,169.8
2019-10-29,171.95
2019-10-30,172.83
2019-10-31,173.59
2019-11-01,173.85
2019-11-04,174.37
2019-11-05,173.68
2019-11-06,174.17
2019-11-07,174.96
2019-11-08,173.51
2019-11-11,173.73
2019-11-13,172.62
2019-11-14,172.92
2019-11-15,173.23
2019-11-18,173.26
2019-11-19,173.86
2019-11-20,174.63
2019-11-21,174.05
2019-11-22,173.46
2019-11-25,175.66
2019-11-26,174.96
2019-11-27,175.91
2019-11-28,176.88
2019-11-29,175.87
2019-12-02,175.59
2019-12-03,174.61
2019-12-04,175.31
2019-12-05,174.87
2019-12-06,173.29
2019-12-09,173.32
2019-12-10,171.97
2019-12-11,172.7
2019-12-12,173.68
2019-12-13,175.34
2019-12-16,174.79
2019-12-17,176.19
2019-12-18,176.79
2019-12-19,177.29
2019-12-20,177.53
2019-12-23,177.39
2019-12-24,176.86
2019-12-26,175.95
2019-12-27,177.59
2019-12-30,177.87
2019-12-31,176.94
2020-01-01,177.23
2020-01-02,178.86
2020-01-03,178.18
2020-01-06,174.7
2020-01-07,175.73
2020-01-08,175.5
2020-01-09,178.22
2020-01-10,178.83
2020-01-13,179.98
2020-01-14,180.58
2020-01-15,180.78
2020-01-16,181.2
2020-01-17,181.35
2020-01-20,179.68
2020-01-21,179.0
2020-01-22,178.27
2020-01-23,179.62
2020-01-24,180.75
2020-01-27,179.24
2020-01-28,178.47
2020-01-29,179.41
2020-01-30,177.8
2020-01-31,176.76
2020-02-01,172.18
2020-02-03,172.99
2020-02-04,176.62
2020-02-05,178.38
2020-02-06,179.33
2020-02-07,179.27
2020-02-10,178.29
2020-02-11,179.03
2020-02-12,179.93
2020-02-13,179.6
2020-02-14,178.58
2020-02-17,177.37
2020-02-18,176.58
2020-02-19,178.82
2020-02-20,178.61
2020-02-24,175.03
2020-02-25,174.43
2020-02-26,172.6
2020-02-27,171.83
2020-02-28,165.67
2020-03-02,164.66
2020-03-03,167.33
2020-03-04,166.15
2020-03-05,166.57
2020-03-06,162.62
2020-03-09,154.93
2020-03-11,154.7
2020-03-12,141.84
2020-03-13,146.54
2020-03-16,136.34
2020-03-17,133.21
2020-03-18,125.91
2020-03-19,122.31
2020-03-20,128.65
2020-03-23,112.25
2020-03-24,114.48
2020-03-25,120.93
2020-03-26,125.79
2020-03-27,125.97
2020-03-30,121.4
2020-03-31,125.85
2020-04-01,121.63
2020-04-03,119.41
2020-04-07,128.59
2020-04-08,128.82
2020-04-09,133.86
2020-04-13,132.39
2020-04-15,132.11
2020-04-16,133.33
2020-04-17,136.96
2020-04-20,136.97
2020-04-21,133.03
2020-04-22,135.51
2020-04-23,137.16
2020-04-24,134.79
2020-04-27,136.77
2020-04-28,138.01
2020-04-29,140.26
2020-04-30,144.14
2020-05-04,136.66
2020-05-05,135.34
2020-05-06,136.28
2020-05-07,135.3
2020-05-08,135.86
2020-05-11,135.94
2020-05-12,135.3
2020-05-13,137.92
2020-05-14,135.18
2020-05-15,134.99
2020-05-18,130.34
2020-05-19,131.05
2020-05-20,133.61
2020-05-21,134.4
2020-05-22,133.41
2020-05-26,133.57
2020-05-27,136.64
2020-05-28,139.1
2020-05-29,140.81
2020-06-01,144.38
2020-06-02,146.49
2020-06-03,147.68
2020-06-04,147.38
2020-06-05,149.42
2020-06-08,149.86
2020-06-09,148.32
2020-06-10,149.31
2020-06-11,146.5
2020-06-12,147.57
2020-06-15,145.59
2020-06-16,146.78
2020-06-17,146.57
2020-06-18,149.15
2020-06-19,151.33
2020-06-22,152.82
2020-06-23,155.25
2020-06-24,153.0
2020-06-25,153.07
2020-06-26,154.14
2020-06-29,152.87
2020-06-30,152.63
2020-07-01,154.07
2020-07-02,155.82
2020-07-03,156.7
2020-07-06,158.85
2020-07-07,159.48
2020-07-08,158.3
2020-07-09,159.59
2020-07-10,158.92
2020-07-13,159.29
2020-07-14,156.76
2020-07-15,156.71
2020-07-16,158.12
2020-07-17,160.45
2020-07-20,162.07
2020-07-21,163.61
2020-07-22,163.18
2020-07-23,164.41
2020-07-24,163.91
2020-07-27,162.81
2020-07-28,164.91
2020-07-29,164.09
2020-07-30,162.96
2020-07-31,163.03
2020-08-03,161.18
2020-08-04,163.76
2020-08-05,164.04
2020-08-06,165.52
2020-08-07,166.05
2020-08-10,167.31
2020-08-11,167.72
2020-08-12,167.61
2020-08-13,168.08
2020-08-14,166.39
2020-08-17,167.36
2020-08-18,169.42
2020-08-19,169.99
2020-08-20,169.2
2020-08-21,170.19
2020-08-24,171.54
2020-08-25,171.74
2020-08-26,172.82
2020-08-27,173.06
2020-08-28,174.16
2020-08-31,169.3
2020-09-01,170.57
2020-09-02,171.97
2020-09-03,172.27
2020-09-04,169.43
2020-09-07,169.46
2020-09-08,168.57
2020-09-09,167.85
2020-09-10,170.21
2020-09-11,170.68
2020-09-14,171.53
2020-09-15,172.99
2020-09-16,174.06
2020-09-17,172.89
2020-09-18,172.76
2020-09-21,168.31
2020-09-22,166.52
2020-09-23,166.16
2020-09-24,161.65
2020-09-25,165.47
2020-09-28,168.62
2020-09-29,168.43
2020-09-30,168.83
2020-10-01,170.99
2020-10-05,171.98
2020-10-06,173.9
2020-10-07,174.48
2020-10-08,175.51
2020-10-09,176.21
2020-10-12,176.12
2020-10-13,175.96
2020-10-14,176.48
2020-10-15,172.62
2020-10-16,174.0
2020-10-19,175.5
2020-10-20,175.93
2020-10-21,176.35
2020-10-22,176.16
2020-10-23,176.9
2020-10-26,174.5
2020-10-27,176.32
2020-10-28,174.26
2020-10-29,173.6
2020-10-30,173.38
2020-11-02,173.64
2020-11-03,175.46
2020-11-04,176.75
2020-11-05,179.85
2020-11-06,181.63
2020-11-09,184.22
2020-11-10,185.9
2020-11-11,187.48
2020-11-12,187.24
2020-11-13,188.05
2020-11-14,189.01
2020-11-17,190.53
2020-11-18,191.7
2020-11-19,189.7
2020-11-20,191.2
2020-11-23,192.58
2020-11-24,194.35
2020-11-25,191.48
2020-11-26,193.27
2020-11-27,194.09
2020-12-01,196.19
2020-12-02,196.61
2020-12-03,197.25
2020-12-04,198.79
2020-12-07,200.45
2020-12-08,200.78
2020-12-09,202.46
2020-12-10,201.74
2020-12-11,202.28
2020-12-14,203.07
2020-12-15,203.23
2020-12-16,204.97
2020-12-17,205.48
2020-12-18,205.64
2020-12-21,198.56
2020-12-22,200.58
2020-12-23,203.3
2020-12-24,205.1
2020-12-28,207.08
2020-12-29,207.67
2020-12-30,208.44
2020-12-31,208.6
2021-01-01,209.62
2021-01-04,211.74
2021-01-05,213.1
2021-01-06,212.57
2021-01-07,213.08
2021-01-08,215.97
2021-01-11,217.44
2021-01-12,218.38
2021-01-13,218.07
2021-01-14,218.6
2021-01-15,216.09
2021-01-18,213.28
2021-01-19,217.01
2021-01-20,218.76
2021-01-21,217.64
2021-01-22,214.72
2021-01-25,212.71
2021-01-27,209.15
2021-01-28,207.27
2021-01-29,204.73
2021-02-01,213.21
2021-02-02,218.34
2021-02-03,220.53
2021-02-04,222.56
2021-02-05,222.46
2021-02-08,225.39
2021-02-09,225.28
2021-02-10,225.61
2021-02-11,226.78
2021-02-12,226.68
2021-02-15,228.94
2021-02-16,229.22
2021-02-17,228.37
2021-02-18,227.8
2021-02-19,225.5
2021-02-22,221.5
2021-02-23,222.44
2021-02-24,225.91
2021-02-25,227.95
2021-02-26,220.94
2021-03-01,224.33
2021-03-02,227.07
2021-03-03,231.53
2021-03-04,230.15
2021-03-05,227.43
2021-03-08,227.82
2021-03-09,228.88
2021-03-10,230.23
2021-03-12,228.46
2021-03-15,226.97
2021-03-16,227.01
2021-03-17,223.51
2021-03-18,220.89
2021-03-19,223.43
2021-03-22,223.89
2021-03-23,225.34
2021-03-24,221.34
2021-03-25,217.65
2021-03-26,220.48
2021-03-30,224.83
2021-03-31,223.48
2021-04-01,226.48
2021-04-05,223.21
2021-04-06,224.29
2021-04-07,226.53
2021-04-08,227.64
2021-04-09,227.38
2021-04-12,218.25
2021-04-13,221.2
2021-04-15,222.12
2021-04-16,223.22
2021-04-19,219.21
2021-04-20,218.83
2021-04-22,220.23
2021-04-23,219.74
2021-04-26,221.77
2021-04-27,224.41
2021-04-28,227.23
2021-04-29,227.55
2021-04-30,224.49
2021-05-03,225.05
2021-05-04,223.33
2021-05-05,225.38
2021-05-06,226.99
2021-05-07,228.1
2021-05-10,230.04
2021-05-11,229.54
2021-05-12,227.65
2021-05-14,226.46
2021-05-17,230.09
2021-05-18,233.12
2021-05-19,232.57
2021-05-20,231.26
2021-05-21,234.55
2021-05-24,235.36
2021-05-25,235.42
2021-05-26,236.49
2021-05-27,237.29
2021-05-28,238.23
2021-05-31,240.44
2021-06-01,240.15
2021-06-02,241.31
2021-06-03,243.29
2021-06-04,243.53
2021-06-07,245.09
2021-06-08,245.4
2021-06-09,243.58
2021-06-10,245.92
2021-06-11,246.82
2021-06-14,246.69
2021-06-15,247.66
2021-06-16,245.9
2021-06-17,244.41
2021-06-18,243.71
2021-06-21,244.98
2021-06-22,245.62
2021-06-23,244.38
2021-06-24,245.21
2021-06-25,246.51
2021-06-28,246.39
2021-06-29,245.54
2021-06-30,245.39
2021-07-01,245.05
2021-07-02,245.79
2021-07-05,247.47
2021-07-06,247.27
2021-07-07,248.3
2021-07-08,246.57
2021-07-09,246.5
2021-07-12,246.88
2021-07-13,248.34
2021-07-14,248.94
2021-07-15,250.07
2021-07-16,250.47
2021-07-19,248.25
2021-07-20,245.99
2021-07-22,249.2
2021-07-23,249.55
2021-07-26,249.33
2021-07-27,248.18
2021-07-28,247.67
2021-07-29,248.89
2021-07-30,249.26
2021-08-02,251.45
2021-08-03,254.29
2021-08-04,254.85
2021-08-05,255.1
2021-08-06,254.61
2021-08-09,254.27
2021-08-10,253.51
2021-08-11,253.22
2021-08-12,254.98
2021-08-13,256.69
2021-08-16,256.79
2021-08-17,257.58
2021-08-18,257.27
2021-08-20,254.5
2021-08-23,254.27
2021-08-24,256.69
2021-08-25,257.25
2021-08-26,257.5
2021-08-27,259.06
2021-08-30,262.81
2021-08-31,265.7
2021-09-01,265.62
2021-09-02,268.07
2021-09-03,269.44
2021-09-06,270.29
2021-09-07,269.9
2021-09-08,270.33
2021-09-09,270.93
2021-09-13,271.24
2021-09-14,272.19
2021-09-15,274.32
2021-09-16,275.88
2021-09-17,274.47
2021-09-20,270.82
2021-09-21,273.0
2021-09-22,273.81
2021-09-23,277.74
2021-09-24,277.5
2021-09-27,277.44
2021-09-28,275.75
2021-09-29,275.59
2021-09-30,274.96
2021-10-01,274.25
2021-10-04,277.31
2021-10-05,279.12
2021-10-06,276.46
2021-10-07,279.3
2021-10-08,280.67
2021-10-11,281.82
2021-10-12,282.8
2021-10-13,285.53
2021-10-14,288.07
2021-10-18,290.2
2021-10-19,287.86
2021-10-20,284.41
2021-10-21,282.95
2021-10-22,281.35
2021-10-25,280.15
2021-10-26,283.35
2021-10-27,283.08
2021-10-28,277.72
2021-10-29,275.82
2021-11-01,279.77
2021-11-02,280.02
2021-11-03,279.44
2021-11-04,281.16
2021-11-08,283.79
2021-11-09,284.21
2021-11-10,283.83
2021-11-11,281.88
2021-11-12,284.95
2021-11-15,285.2
2021-11-16,283.97
2021-11-17,282.7
2021-11-18,279.91
2021-11-22,274.0
2021-11-23,276.41
2021-11-24,275.3
2021-11-25,277.21
2021-11-26,269.1
2021-11-29,268.17
2021-11-30,268.02
2021-12-01,270.52
2021-12-02,273.98
2021-12-03,271.83
2021-12-06,267.47
2021-12-07,271.43
2021-12-08,275.8
2021-12-09,276.77
2021-12-10,277.29
2021-12-13,275.63
2021-12-14,275.25
2021-12-15,273.6
2021-12-16,273.29
2021-12-17,268.52
2021-12-20,261.7
2021-12-21,264.64
2021-12-22,267.96
2021-12-23,270.01
2021-12-24,268.42
2021-12-27,269.57
2021-12-28,272.14
2021-12-29,272.06
2021-12-30,271.68
2021-12-31,274.51
2022-01-03,278.32
2022-01-04,280.41
2022-01-05,281.83
2022-01-06,279.89
2022-01-07,280.96
2022-01-10,283.65
2022-01-11,284.29
2022-01-12,286.8
2022-01-13,287.77
2022-01-14,287.95
2022-01-17,288.88
2022-01-18,285.07
2022-01-19,283.25
2022-01-20,281.23
2022-01-21,277.94
2022-01-24,269.36
2022-01-25,271.56
2022-01-27,268.77
2022-01-28,269.57
2022-01-31,273.2
2022-02-01,276.77
2022-02-02,280.02
2022-02-03,277.19
2022-02-04,276.27
2022-02-07,272.34
2022-02-08,272.09
2022-02-09,275.06
2022-02-10,276.84
2022-02-11,272.79
2022-02-14,263.91
2022-02-15,271.35
2022-02-16,271.11
2022-02-17,270.82
2022-02-18,269.7
2022-02-21,267.69
2022-02-22,265.72
2022-02-23,266.05
2022-02-24,252.64
2022-02-25,260.21
2022-02-28,262.42
2022-03-02,260.44
2022-03-03,259.27
2022-03-04,254.81
2022-03-07,248.78
2022-03-08,251.39
2022-03-09,256.44
2022-03-10,260.28
2022-03-11,261.17
2022-03-14,263.69
2022-03-15,260.78
2022-03-16,265.66
2022-03-17,270.06
2022-03-21,267.9
2022-03-22,270.13
2022-03-23,269.6
2022-03-24,269.68
2022-03-25,268.81
2022-03-28,269.26
2022-03-29,270.84
2022-03-30,273.33
2022-03-31,273.29
2022-04-01,276.83
2022-04-04,282.29
2022-04-05,282.42
2022-04-06,281.27
2022-04-07,278.95
2022-04-08,281.54
2022-04-11,281.23
2022-04-12,278.28
2022-04-13,277.8
2022-04-18,273.9
2022-04-19,270.24
2022-04-20,272.51
2022-04-21,276.26
2022-04-22,273.34
2022-04-25,269.27
2022-04-26,273.41
2022-04-27,270.8
2022-04-28,273.74
2022-04-29,271.34
2022-05-02,270.48
2022-05-04,264.19
2022-05-05,264.23
2022-05-06,259.65
2022-05-09,256.82
2022-05-10,254.33
2022-05-11,252.79
2022-05-12,247.32
2022-05-13,247.44
2022-05-16,249.27
2022-05-17,255.79
2022-05-18,255.64
2022-05-19,248.89
2022-05-20,255.22
2022-05-23,254.13
2022-05-24,252.51
2022-05-25,249.7
2022-05-26,252.3
2022-05-27,255.07
2022-05-30,260.25
2022-05-31,259.88
2022-06-01,259.21
2022-06-02,260.78
2022-06-03,259.12
2022-06-06,258.69
2022-06-07,256.51
2022-06-08,255.61
2022-06-09,257.31
2022-06-10,253.72
2022-06-13,247.01
2022-06-14,246.49
2022-06-15,246.52
2022-06-16,241.15
2022-06-17,239.42
2022-06-20,238.63
2022-06-21,243.99
2022-06-22,240.42
2022-06-23,242.84
2022-06-24,245.49
2022-06-27,247.74
2022-06-28,248.11
2022-06-29,247.25
2022-06-30,246.76
2022-07-01,246.89
2022-07-04,248.38
2022-07-05,248.19
2022-07-06,251.32
2022-07-07,253.81
2022-07-08,254.98
2022-07-11,256.07
2022-07-12,254.09
2022-07-13,253.13
2022-07-14,252.78
2022-07-15,254.4
2022-07-18,257.98
2022-07-19,259.26
2022-07-20,261.35
2022-07-21,263.45
2022-07-22,264.65
2022-07-25,263.6
2022-07-26,261.05
2022-07-27,263.32
2022-07-28,267.14
2022-07-29,270.77
2022-08-01,274.14
2022-08-02,274.72
2022-08-03,274.77
2022-08-04,275.04
2022-08-05,275.19
2022-08-08,277.0
2022-08-10,276.9
2022-08-11,279.02
2022-08-12,279.87
2022-08-16,282.46
2022-08-17,284.29
2022-08-18,284.87
2022-08-19,281.81
2022-08-22,277.47
2022-08-23,279.11
2022-08-24,280.03
2022-08-25,279.3
2022-08-26,280.17
2022-08-29,276.94
2022-08-30,283.45
2022-09-01,281.36
2022-09-02,281.18
2022-09-05,282.9
2022-09-06,283.24
2022-09-07,283.36
2022-09-08,285.61
2022-09-09,286.11
2022-09-12,288.14
2022-09-13,289.85
2022-09-14,289.13
2022-09-15,288.23
2022-09-16,282.0
2022-09-19,282.93
2022-09-20,286.21
2022-09-21,284.19
2022-09-22,283.73
2022-09-23,278.59
2022-09-26,272.45
2022-09-27,272.48
2022-09-28,270.51
2022-09-29,270.17
2022-09-30,274.37
2022-10-03,270.84
2022-10-04,276.89
2022-10-06,278.51
2022-10-07,278.21
2022-10-10,276.63
2022-10-11,272.38
2022-10-12,274.38
2022-10-13,272.54
2022-10-14,274.11
2022-10-17,275.81
2022-10-18,278.59
2022-10-19,278.84
2022-10-20,279.65
2022-10-21,279.07
2022-10-24,281.25
2022-10-25,280.5
2022-10-27,282.24
2022-10-28,282.19
2022-10-31,285.6
2022-11-01,287.73
2022-11-02,287.0
2022-11-03,286.77
2022-11-04,287.62
2022-11-07,289.18
2022-11-09,288.32
2022-11-10,285.97
2022-11-11,289.84
2022-11-14,289.86
2022-11-15,290.67
2022-11-16,290.11
2022-11-17,288.89
2022-11-18,288.04
2022-11-21,286.24
2022-11-22,287.28
2022-11-23,287.81
2022-11-24,290.46
2022-11-25,291.32
2022-11-28,292.38
2022-11-29,292.9
2022-11-30,295.37
2022-12-01,296.44
2022-12-02,295.69
2022-12-05,295.76
2022-12-06,294.94
2022-12-07,293.81
2022-12-08,294.72
2022-12-09,292.9
2022-12-12,293.18
2022-12-13,294.6
2022-12-14,295.7
2022-12-15,292.37
2022-12-16,289.63
2022-12-19,291.84
2022-12-20,291.3
2022-12-21,287.62
2022-12-22,285.84
2022-12-23,278.7
2022-12-26,283.38
2022-12-27,285.6
2022-12-28,285.86
2022-12-29,286.84
2022-12-30,286.16
2023-01-02,287.55
2023-01-03,288.19
2023-01-04,285.13
2023-01-05,285.01
2023-01-06,282.89
2023-01-09,286.19
2023-01-10,283.88
2023-01-11,283.44
2023-01-12,283.03
2023-01-13,284.27
2023-01-16,283.51
2023-01-17,285.19
2023-01-18,286.49
2023-01-19,285.65
2023-01-20,284.32
2023-01-23,285.35
2023-01-24,285.08
2023-01-25,281.08
2023-01-27,275.57
2023-01-30,275.19
2023-01-31,276.7
2023-02-01,275.08
2023-02-02,274.93
2023-02-03,277.21
2023-02-06,276.69
2023-02-07,276.11
2023-02-08,278.47
2023-02-09,278.5
2023-02-10,278.25
2023-02-13,276.11
2023-02-14,277.38
2023-02-15,278.82
2023-02-16,279.64
2023-02-17,278.18
2023-02-20,276.97
2023-02-21,276.51
2023-02-22,272.59
2023-02-23,271.94
2023-02-24,
2023-02-27,269.75
2023-02-28,269.2
2023-03-01,271.91
2023-03-02,270.47
2023-03-03,273.95
2023-03-06,275.92
2023-03-08,276.68
2023-03-09,274.49
2023-03-10,272.19
2023-03-13,268.01
2023-03-14,266.23
2023-03-15,265.53
2023-03-16,265.72
2023-03-17,267.39
2023-03-20,265.47
2023-03-21,267.22
2023-03-22,268.12
2023-03-23,267.08
2023-03-24,264.78
2023-03-27,264.48
2023-03-28,263.53
2023-03-29,266.01
2023-03-31,269.95
2023-04-03,270.77
2023-04-05,272.76
2023-04-06,273.69
2023-04-10,274.27
2023-04-11,275.69
2023-04-12,277.07
2023-04-13,277.33
2023-04-17,276.4
2023-04-18,276.26
2023-04-19,275.52
2023-04-20,275.61
2023-04-21,275.35
2023-04-24,276.89
2023-04-25,277.36
2023-04-26,278.08
2023-04-27,279.58
2023-04-28,282.3
2023-05-02,283.81
2023-05-03,283.36
2023-05-04,285.75
2023-05-05,283.4
2023-05-08,286.15
2023-05-09,286.03
2023-05-10,286.88
2023-05-11,287.21
2023-05-12,287.09
2023-05-15,288.43
2023-05-16,287.76
2023-05-17,286.53
2023-05-18,285.33
2023-05-19,286.2
2023-05-22,288.0
2023-05-23,288.75
2023-05-24,288.22
2023-05-25,288.95
2023-05-26,291.58
2023-05-29,292.99
2023-05-30,293.49
2023-05-31,292.98
2023-06-01,292.87
2023-06-02,293.99
2023-06-05,294.89
2023-06-06,295.24
2023-06-07,297.63
2023-06-08,296.04
2023-06-09,295.26
2023-06-12,296.22
2023-06-13,298.44
2023-06-14,299.11
2023-06-15,298.69
2023-06-16,301.0
2023-06-19,300.32
2023-06-20,301.39
2023-06-21,302.16
2023-06-22,300.31
2023-06-23,297.91
2023-06-26,298.93
2023-06-27,300.74
2023-06-28,302.86
2023-06-30,305.73
2023-07-03,307.55
2023-07-04,308.07
2023-07-05,308.84
2023-07-06,310.67
2023-07-07,308.28
2023-07-10,308.08
2023-07-11,309.86
2023-07-12,309.73
2023-07-13,309.42
2023-07-14,312.11
2023-07-17,314.09
2023-07-18,314.09
2023-07-19,315.61
2023-07-20,317.32
2023-07-21,314.78
2023-07-24,314.05
2023-07-25,314.64
2023-07-26,316.1
2023-07-27,315.09
2023-07-28,315.69
2023-07-31,317.75
2023-08-01,317.61
2023-08-02,314.11
2023-08-03,312.55
2023-08-04,314.77
2023-08-07,315.99
2023-08-08,315.86
2023-08-09,317.01
2023-08-10,315.82
2023-08-11,314.44
2023-08-14,313.84
2023-08-16,314.35
2023-08-17,313.41
2023-08-18,312.62
2023-08-21,314.46
2023-08-22,315.46
2023-08-23,316.3
2023-08-24,315.93
2023-08-25,313.9
2023-08-28,314.91
2023-08-29,315.88
2023-08-30,316.66
2023-08-31,315.83
2023-09-01,318.64
2023-09-04,320.63
2023-09-05,321.95
2023-09-06,322.56
2023-09-07,324.44
2023-09-08,326.35
2023-09-11,329.45
2023-09-12,325.85
2023-09-13,327.09
2023-09-14,328.52
2023-09-15,329.69
2023-09-18,328.72
2023-09-20,325.66
2023-09-21,322.94
2023-09-22,322.15
2023-09-25,322.37
2023-09-26,322.45
2023-09-27,323.66
2023-09-28,320.47
2023-09-29,322.75
2023-10-03,322.04
2023-10-04,319.59
2023-10-05,320.95
2023-10-06,322.77
2023-10-09,319.67
2023-10-10,322.95
2023-10-11,324.89
2023-10-12,325.12
2023-10-13,324.58
2023-10-16,324.63
2023-10-17,326.02
2023-10-18,323.71
2023-10-19,323.11
2023-10-20,321.24
2023-10-23,315.27
2023-10-25,313.03
2023-10-26,309.2
2023-10-27,313.13
2023-10-30,314.26
2023-10-31,313.8
2023-11-01,312.54
2023-11-02,315.55
2023-11-03,317.64
2023-11-06,320.62
2023-11-07,321.15
2023-11-08,322.5
2023-11-09,321.75
2023-11-10,322.46
2023-11-12,324.41
2023-11-13,323.63
2023-11-15,327.18
2023-11-16,328.81
2023-11-17,328.96
2023-11-20,328.46
2023-11-21,329.48
2023-11-22,329.49
2023-11-23,329.71
2023-11-24,329.8
2023-11-28,331.64
2023-11-29,334.67
2023-11-30,336.24
2023-12-01,338.62
2023-12-04,344.85
2023-12-05,347.46
2023-12-06,349.17
2023-12-07,349.62
2023-12-08,349.61
2023-12-11,350.86
2023-12-12,349.3
2023-12-13,350.51
2023-12-14,354.67
2023-12-15,357.87
2023-12-18,358.07
2023-12-19,358.32
2023-12-20,351.04
2023-12-21,354.07
2023-12-22,356.18
2023-12-26,357.94
2023-12-27,360.71
2023-12-28,362.62
2023-12-29,363.18
2024-01-01,363.94
2024-01-02,362.98
2024-01-03,362.02
2024-01-04,365.28
2024-01-05,366.2
2024-01-08,362.97
2024-01-09,363.75
2024-01-10,364.84
2024-01-11,366.08
2024-01-12,369.1
2024-01-15,371.71
2024-01-16,370.63
2024-01-17,364.27
2024-01-18,362.91
2024-01-19,366.59
2024-01-20,366.5
2024-01-23,359.11
2024-01-24,363.69
2024-01-25,362.61
2024-01-29,368.57
2024-01-30,366.0
2024-01-31,370.27
2024-02-01,369.8
2024-02-02,372.3
2024-02-05,371.24
2024-02-06,374.65
2024-02-07,376.07
2024-02-08,373.92
2024-02-09,373.47
2024-02-12,368.12
2024-02-13,370.14
2024-02-14,372.75
2024-02-15,374.95
2024-02-16,377.41
2024-02-19,378.83
2024-02-20,379.47
2024-02-21,376.79
2024-02-22,379.71
2024-02-23,380.28
2024-02-26,379.2
2024-02-27,379.89
2024-02-28,374.79
2024-02-29,376.09
2024-03-01,380.96
2024-03-02,382.3
2024-03-04,382.5
2024-03-05,381.56
2024-03-06,381.52
2024-03-07,382.56
2024-03-11,379.82
2024-03-12,377.63
2024-03-13,367.8
2024-03-14,372.85
2024-03-15,371.15
2024-03-18,371.49
2024-03-19,367.14
2024-03-20,367.54
2024-03-21,372.51
2024-03-22,374.35
2024-03-26,374.55
2024-03-27,376.09
2024-03-28,379.25
2024-04-01,383.69
2024-04-02,385.14
2024-04-03,385.81
2024-04-04,386.91
2024-04-05,387.86
2024-04-08,389.81
2024-04-09,389.28
2024-04-10,391.61
2024-04-12,388.43
2024-04-15,383.43
2024-04-16,382.39
2024-04-18,380.55
2024-04-19,381.69
2024-04-22,385.24
2024-04-23,386.69
2024-04-24,388.15
2024-04-25,390.72
2024-04-26,390.19
2024-04-29,393.05
2024-04-30,393.14
2024-05-02,394.76
2024-05-03,392.45
2024-05-06,390.68
2024-05-07,386.43
2024-05-08,387.72
2024-05-09,380.98
2024-05-10,383.65
2024-05-13,384.44
2024-05-14,387.68
2024-05-15,388.78
2024-05-16,392.35
2024-05-17,394.89
2024-05-18,396.39
2024-05-21,397.2
2024-05-22,398.28
2024-05-23,403.0
2024-05-24,402.9
2024-05-27,403.07
2024-05-28,401.09
2024-05-29,398.64
2024-05-30,394.55
2024-05-31,396.02
2024-06-03,409.05
2024-06-04,381.55
2024-06-05,395.27
2024-06-06,401.1
2024-06-07,408.6
2024-06-10,409.43
2024-06-11,410.31
2024-06-12,412.36
2024-06-13,414.5
2024-06-14,417.22
2024-06-18,419.41
2024-06-19,417.45
2024-06-20,419.04
2024-06-21,417.79
2024-06-24,418.79
2024-06-25,420.33
2024-06-26,421.57
2024-06-27,423.47
2024-06-28,423.94
2024-07-01,427.1
2024-07-02,426.17
2024-07-03,429.43
2024-07-04,430.62
2024-07-05,432.06
2024-07-08,431.76
2024-07-09,433.59
2024-07-10,431.91
2024-07-11,432.43
2024-07-12,434.16
2024-07-15,436.31
2024-07-16,436.24
2024-07-18,436.35
2024-07-19,429.71
2024-07-22,431.39
2024-07-23,429.97
2024-07-24,431.04
2024-07-25,430.96
2024-07-26,438.03
2024-07-29,439.96
2024-07-30,440.85
2024-07-31,442.56
2024-08-01,442.12
2024-08-02,437.56
2024-08-05,424.09
2024-08-06,422.24
2024-08-07,429.98
2024-08-08,427.28
2024-08-09,431.42
2024-08-12,431.45
2024-08-13,427.5
2024-08-14,426.9
2024-08-16,434.2
2024-08-19,435.85
2024-08-20,438.51
2024-08-21,440.18
2024-08-22,441.54
2024-08-23,441.17
2024-08-26,443.87
2024-08-27,444.68
2024-08-28,444.89
2024-08-29,445.18
2024-08-30,447.14
2024-09-02,447.64
2024-09-03,448.16
2024-09-04,447.41
2024-09-05,447.68
2024-09-06,442.32
2024-09-09,442.78
2024-09-10,445.45
2024-09-11,443.33
2024-09-12,450.42
2024-09-13,450.82
2024-09-16,451.57
2024-09-17,451.62
2024-09-18,450.27
2024-09-19,449.44
2024-09-20,455.85
2024-09-23,459.35
2024-09-24,459.55
2024-09-25,459.21
2024-09-26,461.57
2024-09-27,461.44
2024-09-30,456.83
2024-10-01,457.32
2024-10-03,447.6
2024-10-04,443.45
2024-10-07,436.8
2024-10-08,443.03
2024-10-09,444.67
2024-10-10,444.64
2024-10-11,444.89
2024-10-14,447.07
2024-10-15,447.23
2024-10-16,446.06
2024-10-17,440.48
2024-10-18,441.7
2024-10-21,438.36
2024-10-22,429.93
2024-10-23,430.43
2024-10-24,429.43
2024-10-25,423.99
2024-10-28,426.84
2024-10-29,429.75
2024-10-30,428.9
2024-10-31,427.81
2024-11-01,430.34
2024-11-04,424.6
2024-11-05,427.65
2024-11-06,434.34
2024-11-07,430.11
2024-11-08,427.1
2024-11-11,426.08
2024-11-12,421.18
2024-11-13,413.33
2024-11-14,414.3
2024-11-18,413.1
2024-11-19,415.1
2024-11-21,411.64
2024-11-22,419.28
2024-11-25,425.48
2024-11-26,425.65
2024-11-27,428.09
2024-11-28,424.74
2024-11-29,428.01
2024-12-02,430.82
2024-12-03,434.31
2024-12-04,435.79
2024-12-05,439.16
2024-12-06,439.8
2024-12-09,439.42
2024-12-10,439.86
2024-12-11,440.67
2024-12-12,438.75
2024-12-13,440.69
2024-12-16,440.56
2024-12-17,435.72
2024-12-18,432.68
2024-12-19,429.24
2024-12-20,421.07
2024-12-23,422.83
2024-12-24,422.68
2024-12-26,423.2
2024-12-27,423.48
2024-12-30,421.82
2024-12-31,422.16
2025-01-01,424.17
2025-01-02,430.55
2025-01-03,428.44
2025-01-06,419.33
2025-01-07,421.53
2025-01-08,419.46
2025-01-09,415.96
2025-01-10,411.29
2025-01-13,400.81
2025-01-14,405.29
2025-01-15,406.61
2025-01-16,409.7
2025-01-17,409.27
2025-01-20,411.7
2025-01-21,404.61
2025-01-22,403.92
2025-01-23,406.59
2025-01-24,402.46
2025-01-27,394.76
2025-01-28,395.02
2025-01-29,401.09
2025-01-30,402.08
2025-01-31,407.52
2025-02-01,407.53
2025-02-03,404.15
2025-02-04,410.29
2025-02-05,411.37
2025-02-06,409.29
2025-02-07,408.9
2025-02-10,403.71
2025-02-11,395.76
2025-02-12,395.1
2025-02-13,395.05
2025-02-14,389.95
2025-02-17,390.33
2025-02-18,389.57
2025-02-19,391.84
2025-02-20,393.72
2025-02-21,391.07
2025-02-24,386.88
2025-02-25,385.94
2025-02-27,383.99
2025-02-28,375.78
2025-03-03,376.09
2025-03-04,376.48
2025-03-05,382.88
2025-03-06,386.49
2025-03-07,386.42
2025-03-10,383.08
2025-03-11,383.77
2025-03-12,383.05
2025-03-13,381.38
2025-03-17,383.5
2025-03-18,390.48
2025-03-19,394.41
2025-03-20,398.29
2025-03-21,402.15
2025-03-24,407.15
2025-03-25,405.25
2025-03-26,402.2
2025-03-27,404.7
2025-03-28,403.42
2025-04-01,398.33
2025-04-02,402.02
2025-04-03,401.6
2025-04-04,393.32
2025-04-07,380.09
2025-04-08,387.19
2025-04-09,384.84
2025-04-11,392.33
2025-04-15,402.28
2025-04-16,404.65
2025-04-17,409.89
2025-04-21,416.02
2025-04-22,417.52
2025-04-23,420.4
2025-04-24,419.33
2025-04-25,413.05
2025-04-28,417.89
2025-04-29,418.09
2025-04-30,416.53
2025-05-02,416.08
2025-05-05,419.66
2025-05-06,415.15
2025-05-07,417.34
2025-05-08,413.0
2025-05-09,409.85
2025-05-12,425.65
2025-05-13,422.6
2025-05-14,425.44
2025-05-15,430.91
2025-05-16,432.61
2025-05-19,432.51
2025-05-20,427.21
2025-05-21,429.96
2025-05-22,427.41
2025-05-23,430.94
2025-05-26,433.35
2025-05-27,431.62
2025-05-28,431.09
2025-05-29,432.65
2025-05-30,431.74
2025-06-02,432.36
2025-06-03,430.12
2025-06-04,432.05
2025-06-05,434.45
2025-06-06,438.83
2025-06-09,441.97
2025-06-10,442.16
2025-06-11,442.13
2025-06-12,436.62
2025-06-13,433.99
2025-06-16,437.57
2025-06-17,435.43
2025-06-18,434.36
2025-06-19,431.3
2025-06-20,436.59
2025-06-23,435.89
2025-06-24,438.04
2025-06-25,441.52
2025-06-26,445.71
2025-06-27,448.06
2025-06-30,448.01
2025-07-01,447.98
2025-07-02,446.68
2025-07-03,446.2
2025-07-04,447.06
2025-07-07,446.86
2025-07-08,447.29
2025-07-09,447.0
2025-07-10,445.38
2025-07-11,441.83
2025-07-14,442.33
2025-07-15,445.0
2025-07-16,445.47
2025-07-17,444.47
2025-07-18,441.89
2025-07-21,443.86
2025-07-22,442.76
2025-07-23,444.81
2025-07-24,442.42
2025-07-25,437.15
2025-07-28,434.0
2025-07-29,437.06
2025-07-30,437.56
2025-07-31,435.34
2025-08-01,430.86
2025-08-04,434.44
2025-08-05,433.28
2025-08-06,430.81
2025-08-07,431.34
2025-08-08,426.6
2025-08-11,430.22
2025-08-12,429.18
2025-08-13,431.66
2025-08-14,431.45
2025-08-18,436.24
2025-08-19,438.83
2025-08-20,440.29
2025-08-21,440.21
2025-08-22,437.46
2025-08-25,438.64
2025-08-26,433.25
2025-08-28,428.93
2025-08-29,427.44
2025-09-01,432.21
2025-09-02,432.41
2025-09-03,435.08
2025-09-04,434.29
2025-09-05,434.47
2025-09-08,435.42
2025-09-09,436.76
2025-09-10,439.14
2025-09-11,439.69
2025-09-12,441.36
2025-09-15,441.85
2025-09-16,444.77
2025-09-17,446.22
2025-09-18,447.62
2025-09-19,447.02
2025-09-22,445.02
2025-09-23,443.95
2025-09-24,441.15
2025-09-25,438.19
2025-09-26,432.3
2025-09-29,432.79
2025-09-30,432.7
2025-10-01,436.4
2025-10-03,438.29
2025-10-06,440.99
2025-10-07,441.75
2025-10-08,439.84
2025-10-09,442.36
2025-10-10,444.19
2025-10-13,443.38
2025-10-14,441.27
2025-10-15,444.97
2025-10-16,448.52
2025-10-17,449.2
2025-10-20,451.47
2025-10-21,452.29
2025-10-23,452.23
2025-10-24,450.93
2025-10-27,454.07
2025-10-28,453.53
2025-10-29,456.2
2025-10-30,454.08
2025-10-31,451.59
2025-11-03,453.52
2025-11-04,450.95
2025-11-06,447.87
2025-11-07,448.13
2025-11-10,449.61
2025-11-11,451.25
2025-11-12,454.19
2025-11-13,453.8
2025-11-14,454.2
2025-11-17,456.45
2025-11-18,453.99
2025-11-19,455.55
2025-11-20,456.87
2025-11-21,453.35
2025-11-24,451.15
2025-11-25,450.78
2025-11-26,456.51
2025-11-27,456.37
2025-11-28,456.09
2025-12-01,455.89
2025-12-02,453.98
2025-12-03,451.96
2025-12-04,452.43
2025-12-05,454.22
2025-12-08,448.34
2025-12-09,448.15
2025-12-10,446.1
2025-12-11,448.8
2025-12-12,452.15
2025-12-15,452.13
2025-12-16,449.17
2025-12-17,447.76
2025-12-18,447.67
2025-12-19,451.22
2025-12-22,454.84
2025-12-23,455.37
2025-12-24,454.51
2025-12-26,453.18
2025-12-29,451.31
2025-12-30,451.05
2025-12-31,454.92
2026-01-01,455.64
2026-01-02,459.25
2026-01-05,458.48
2026-01-06,457.57
2026-01-07,457.68
2026-01-08,451.27
2026-01-09,447.21
2026-01-12,448.04
2026-01-13,447.47
2026-01-14,447.38
2026-01-16,447.72
2026-01-19,445.59
2026-01-20,437.46
2026-01-21,435.33
2026-01-22,438.64
2026-01-23,432.88
2026-01-27,435.05
2026-01-28,440.06
2026-01-29,441.07
2026-01-30,440.03
2026-02-01,431.1
2026-02-02,435.4
2026-02-03,447.02
2026-02-04,448.72
2026-02-05,446.4
2026-02-06,446.9
2026-02-09,451.69
2026-02-10,453.05
2026-02-11,453.65
2026-02-12,451.15
2026-02-13,444.7
2026-02-16,447.74
2026-02-17,449.04
2026-02-18,451.12
2026-02-19,444.47
2026-02-20,446.37
2026-02-23,448.08
